{"cameraMode":{"drawMode":0,"name":"Shaded","section":"Shading Mode"},"sceneLighting":false,"audioPlay":false,"sceneViewState":{"m_AlwaysRefresh":false,"showFog":false,"showSkybox":false,"showFlares":false,"showImageEffects":false,"showParticleSystems":false,"showVisualEffectGraphs":true,"m_FxEnabled":true},"in2DMode":false,"pivot":{"x":-0.35483425855636599,"y":0.6162523031234741,"z":0.1745511293411255},"rotation":{"x":0.003914227709174156,"y":0.9652469754219055,"z":-0.2609153687953949,"w":0.014479686506092549},"size":1.7748444080352784,"orthographic":false}